motif,motif_abundance,type,sub_type,,
CACNNNNNNNRTGT,111,RM_Type_I,RM_Type_I,,
GGCANNNNNGTC,101,RM_Type_I,RM_Type_I,,
GATCNNNNNNGTC,60,RM_Type_I,RM_Type_I,,
CYYANNNNNNCTTC,59,RM_Type_I,RM_Type_I,,
GATNNNNNNNRTGGC,54,RM_Type_I,RM_Type_I,,
ATGNNNNNNCCTC,38,RM_Type_I,RM_Type_I,,
ATGNNNNNNNTCYC,37,RM_Type_I,RM_Type_I,,
CYYANNNNNNCTGC,35,RM_Type_I,RM_Type_I,,
TCCANNNNNNCGT,35,RM_Type_I,RM_Type_I,,
GTANNNNNNGTCY,31,RM_Type_I,RM_Type_I,,
AGANNNNNNNNTCAA,31,RM_Type_I,RM_Type_I,,
GAAGNNNNNTGA,30,RM_Type_I,RM_Type_I,,
CCCANNNNNNTCG,30,RM_Type_I,RM_Type_I,,
TRGANNNNNNTGC,24,RM_Type_I,RM_Type_I,,
CAGNNNNNNCTCG,21,RM_Type_I,RM_Type_I,,
CCCANNNNNCTG,18,RM_Type_I,RM_Type_I,,
GTGANNNNNNTGG,16,RM_Type_I,RM_Type_I,,
GGYANNNNNNRTGT,15,RM_Type_I,RM_Type_I,,
TCABNNNNNNNTCCA,12,RM_Type_I,RM_Type_I,,
AAGNNNNNNCTGG,12,RM_Type_I,RM_Type_I,,
CGCANNNNNNTCC,10,RM_Type_I,RM_Type_I,,
GAACNNNNNGAT,9,RM_Type_I,RM_Type_I,,
RCCANNNNNNNTGAR,9,RM_Type_I,RM_Type_I,,
GAAYNNNNNNTCTT,8,RM_Type_I,RM_Type_I,,
AGGNNNNNTTCA,5,RM_Type_I,RM_Type_I,,
ACGNNNNNRTGT,4,RM_Type_I,RM_Type_I,,
GCANNNNNNGTAG,3,RM_Type_I,RM_Type_I,,
CAGNNNNNCTG,2,RM_Type_I,RM_Type_I,,
CGAANNNNNTGG,1,RM_Type_I,RM_Type_I,,
CCCNNNNNGTAG,1,RM_Type_I,RM_Type_I,,
GACNNNNNNNGTTY,1,RM_Type_I,RM_Type_I,,
GACNNNNNTAG,1,RM_Type_I,RM_Type_I,,
CAGNNNNNNCTG,1,RM_Type_I,RM_Type_I,,
GAGNNNNNTGG,1,RM_Type_I,RM_Type_I,,
GTANNNNNNVTAC,1,RM_Type_I,RM_Type_I,,
AGGNNNNNRTGT,1,RM_Type_I,RM_Type_I,,
TCANNNNNNNNCTTC,1,RM_Type_I,RM_Type_I,,
TTGANNNNNNTGC,1,RM_Type_I,RM_Type_I,,
AAGAYC,60,RM_Type_II,RM_Type_IIG,,
CTCGAG,55,RM_Type_II,RM_Type_IIP,,
CTGCAG,48,RM_Type_II,RM_Type_IIP,,
GATCGAG,38,RM_Type_II,RM_Type_IIG,,
GTCGAC,24,RM_Type_II,RM_Type_IIP,,
CCGCGG,14,RM_Type_II,RM_Type_IIP,,
AAGGAG,13,RM_Type_II,RM_Type_IIG,,
CGGCCG,13,RM_Type_II,RM_Type_IIP,,
ACTGGG,11,RM_Type_II,RM_Type_IIS,,
GGCGCC,10,RM_Type_II,RM_Type_IIP,,
CCWGG,7,RM_Type_II,RM_Type_IIP,,
GCATGC,7,RM_Type_II,RM_Type_IIP,,
AGATCT,3,RM_Type_II,RM_Type_IIP,,
ARCCCT,3,RM_Type_II,RM_Type_IIG,,
GCCGGC,3,RM_Type_II,RM_Type_IIP,,
CCCGGG,2,RM_Type_II,RM_Type_IIP,,
CATCGAR,2,RM_Type_II,RM_Type_IIG,,
GACGTC,2,RM_Type_II,RM_Type_IIP,,
CTTGAG,2,RM_Type_II,RM_Type_IIG,,
CAGCTG,1,RM_Type_II,RM_Type_IIP,,
CCSGG,1,RM_Type_II,RM_Type_IIP,,
GGATCC,1,RM_Type_II,RM_Type_IIP,,
ACGGC,1,RM_Type_II,RM_Type_IIS,,
GGTACC,1,RM_Type_II,RM_Type_IIP,,
TGACGAG,1,RM_Type_II,RM_Type_IIG,,
GCSGC,1,RM_Type_II,RM_Type_IIP,,
GATC,1,RM_Type_II,RM_Type_IIP,,
RGATCY,1,RM_Type_II,RM_Type_IIP,,
GRGCYC,1,RM_Type_II,RM_Type_IIP,,
GCWGC,1,RM_Type_II,RM_Type_IIP,,
TGGCCA,1,RM_Type_II,RM_Type_IIP,,
GCNNGC,1,RM_Type_II,RM_Type_IIM,,
TGATCA,1,RM_Type_II,RM_Type_IIP,,
CACACC,24,RM_Type_III,RM_Type_III,,
ACGACC,20,RM_Type_III,RM_Type_III,,
CCCACC,9,RM_Type_III,RM_Type_III,,
AGGAGY,7,RM_Type_III,RM_Type_III,,
AACACC,5,RM_Type_III,RM_Type_III,,
GCCCAG,4,RM_Type_III,RM_Type_III,,
TGACCC,2,RM_Type_III,RM_Type_III,,
CCCGAG,2,RM_Type_III,RM_Type_III,,
GAGAG,1,RM_Type_III,RM_Type_III,,
CCCATC,1,RM_Type_III,RM_Type_III,,
CAACAC,1,PAMS,PAMS,,
CAACAG,1,PAMS,PAMS,,
