motif,motif_abundance,type,sub_type,Palindromic
CACNNNNNNNRTGT,111,RM_Type_I,RM_Type_I,Non-palindromic
GGCANNNNNGTC,101,RM_Type_I,RM_Type_I,Non-palindromic
GATCNNNNNNGTC,60,RM_Type_I,RM_Type_I,Non-palindromic
CYYANNNNNNCTTC,59,RM_Type_I,RM_Type_I,Non-palindromic
GATNNNNNNNRTGGC,54,RM_Type_I,RM_Type_I,Non-palindromic
ATGNNNNNNCCTC,38,RM_Type_I,RM_Type_I,Non-palindromic
ATGNNNNNNNTCYC,37,RM_Type_I,RM_Type_I,Non-palindromic
CYYANNNNNNCTGC,35,RM_Type_I,RM_Type_I,Non-palindromic
TCCANNNNNNCGT,35,RM_Type_I,RM_Type_I,Non-palindromic
GTANNNNNNGTCY,31,RM_Type_I,RM_Type_I,Non-palindromic
AGANNNNNNNNTCAA,31,RM_Type_I,RM_Type_I,Non-palindromic
GAAGNNNNNTGA,30,RM_Type_I,RM_Type_I,Non-palindromic
CCCANNNNNNTCG,30,RM_Type_I,RM_Type_I,Non-palindromic
TRGANNNNNNTGC,24,RM_Type_I,RM_Type_I,Non-palindromic
CAGNNNNNNCTCG,21,RM_Type_I,RM_Type_I,Non-palindromic
CCCANNNNNCTG,18,RM_Type_I,RM_Type_I,Non-palindromic
GTGANNNNNNTGG,16,RM_Type_I,RM_Type_I,Non-palindromic
GGYANNNNNNRTGT,15,RM_Type_I,RM_Type_I,Non-palindromic
TCABNNNNNNNTCCA,12,RM_Type_I,RM_Type_I,Non-palindromic
AAGNNNNNNCTGG,12,RM_Type_I,RM_Type_I,Non-palindromic
CGCANNNNNNTCC,10,RM_Type_I,RM_Type_I,Non-palindromic
GAACNNNNNGAT,9,RM_Type_I,RM_Type_I,Non-palindromic
RCCANNNNNNNTGAR,9,RM_Type_I,RM_Type_I,Non-palindromic
GAAYNNNNNNTCTT,8,RM_Type_I,RM_Type_I,Non-palindromic
AGGNNNNNTTCA,5,RM_Type_I,RM_Type_I,Non-palindromic
ACGNNNNNRTGT,4,RM_Type_I,RM_Type_I,Non-palindromic
GCANNNNNNGTAG,3,RM_Type_I,RM_Type_I,Non-palindromic
CAGNNNNNCTG,2,RM_Type_I,RM_Type_I,Non-palindromic
CGAANNNNNTGG,1,RM_Type_I,RM_Type_I,Non-palindromic
CCCNNNNNGTAG,1,RM_Type_I,RM_Type_I,Non-palindromic
GACNNNNNNNGTTY,1,RM_Type_I,RM_Type_I,Non-palindromic
GACNNNNNTAG,1,RM_Type_I,RM_Type_I,Non-palindromic
CAGNNNNNNCTG,1,RM_Type_I,RM_Type_I,Non-palindromic
GAGNNNNNTGG,1,RM_Type_I,RM_Type_I,Non-palindromic
GTANNNNNNVTAC,1,RM_Type_I,RM_Type_I,Non-palindromic
AGGNNNNNRTGT,1,RM_Type_I,RM_Type_I,Non-palindromic
TCANNNNNNNNCTTC,1,RM_Type_I,RM_Type_I,Non-palindromic
TTGANNNNNNTGC,1,RM_Type_I,RM_Type_I,Non-palindromic
AAGAYC,60,RM_Type_II,RM_Type_IIG,Non-palindromic
CTCGAG,55,RM_Type_II,RM_Type_IIP,Palindromic
CTGCAG,48,RM_Type_II,RM_Type_IIP,Palindromic
GATCGAG,38,RM_Type_II,RM_Type_IIG,Non-palindromic
GTCGAC,24,RM_Type_II,RM_Type_IIP,Palindromic
CCGCGG,14,RM_Type_II,RM_Type_IIP,Palindromic
AAGGAG,13,RM_Type_II,RM_Type_IIG,Non-palindromic
CGGCCG,13,RM_Type_II,RM_Type_IIP,Palindromic
ACTGGG,11,RM_Type_II,RM_Type_IIS,Non-palindromic
GGCGCC,10,RM_Type_II,RM_Type_IIP,Palindromic
CCWGG,7,RM_Type_II,RM_Type_IIP,Palindromic
GCATGC,7,RM_Type_II,RM_Type_IIP,Palindromic
AGATCT,3,RM_Type_II,RM_Type_IIP,Palindromic
ARCCCT,3,RM_Type_II,RM_Type_IIG,Non-palindromic
GCCGGC,3,RM_Type_II,RM_Type_IIP,Palindromic
CCCGGG,2,RM_Type_II,RM_Type_IIP,Palindromic
CATCGAR,2,RM_Type_II,RM_Type_IIG,Non-palindromic
GACGTC,2,RM_Type_II,RM_Type_IIP,Palindromic
CTTGAG,2,RM_Type_II,RM_Type_IIG,Non-palindromic
CAGCTG,1,RM_Type_II,RM_Type_IIP,Palindromic
CCSGG,1,RM_Type_II,RM_Type_IIP,Palindromic
GGATCC,1,RM_Type_II,RM_Type_IIP,Palindromic
ACGGC,1,RM_Type_II,RM_Type_IIS,Non-palindromic
GGTACC,1,RM_Type_II,RM_Type_IIP,Palindromic
TGACGAG,1,RM_Type_II,RM_Type_IIG,Non-palindromic
GCSGC,1,RM_Type_II,RM_Type_IIP,Palindromic
GATC,1,RM_Type_II,RM_Type_IIP,Palindromic
RGATCY,1,RM_Type_II,RM_Type_IIP,Palindromic
GRGCYC,1,RM_Type_II,RM_Type_IIP,Palindromic
GCWGC,1,RM_Type_II,RM_Type_IIP,Palindromic
TGGCCA,1,RM_Type_II,RM_Type_IIP,Palindromic
GCNNGC,1,RM_Type_II,RM_Type_IIM,Palindromic
TGATCA,1,RM_Type_II,RM_Type_IIP,Palindromic
CACACC,24,RM_Type_III,RM_Type_III,Non-palindromic
ACGACC,20,RM_Type_III,RM_Type_III,Non-palindromic
CCCACC,9,RM_Type_III,RM_Type_III,Non-palindromic
AGGAGY,7,RM_Type_III,RM_Type_III,Non-palindromic
AACACC,5,RM_Type_III,RM_Type_III,Non-palindromic
GCCCAG,4,RM_Type_III,RM_Type_III,Non-palindromic
TGACCC,2,RM_Type_III,RM_Type_III,Non-palindromic
CCCGAG,2,RM_Type_III,RM_Type_III,Non-palindromic
GAGAG,1,RM_Type_III,RM_Type_III,Non-palindromic
CCCATC,1,RM_Type_III,RM_Type_III,Non-palindromic
CAACAC,1,PAMS,PAMS,Non-palindromic
CAACAG,1,PAMS,PAMS,Non-palindromic
